url,articleId,source,imageUrl,country,pubDate,addDate,score,title,description,content,medium,links,keywords,topics,categories,entities,companies,sentiment,summary,author,truth_value,political_influence,emotional_influence,sentiment_polarity_label,sentiment_subjectivity,sentiment_subjectivity_label,relevance_score
https://www.sony.net/corporate/message/,70f4e2a32d91406790a837eb7b3a193b,sony.net,,us,01-04-2024,01-04-2024,64.38673,Sony Corporation - Sony Corporation,"Message from the CEO of Entertainment, Technology & Services (ET&S) business segment.","The mission of Sony Corporation, which is responsible for the Entertainment Technology & Services (ET&S) business segment of the Sony Group, is to create the future of entertainment through the power ... [1327 symbols]",Article,-,"more Kando : 0.117336586, Kando : 0.11042762, diverse creators : 0.104793124, technology : 0.104552835, creators : 0.10425705, people : 0.090367585, creativity : 0.08884578, entertainment : 0.080176055, failure : 0.07717513, new challenges : 0.07367286",Business Leaders,Business,"Sony Corporation : 4, Entertainment Technology & Services : 1, the Sony Group : 1, Kando : 2, Kando : 3","Sony Centre, Sony","{'positive': 0.733753, 'negative': 0.031094773, 'neutral': 0.23515224}","Sony Corporation, the Entertainment Technology & Services (ET&S) business segment of the Sony Group, has stated its mission to create the future of entertainment through the power of technology and creativity. The company aims to deliver Kando* to people around the world, with the aim of working with diverse creators to unleash creativity through technology. They also aim to foster a corporate culture that is ""Open & Transparent,"" with respect for differing opinions, and a climate where employees can take on challenges without fear of failure. Additionally, through initiatives for a sustainable society and the global environment, Sony aims to create more Kando through creating together with creators.",-,0.832515419,FALSE,TRUE,Positive,0.3375,Objective,0.63913745
https://oltnews.com/sony-sony-shares-soar-pre-market-company-eyes-sony-benzinga,9de121f0bdb34fdbab154158bc903bae,oltnews.com,https://oltnews.com/wp-content/uploads/2022/11/cropped-squarl-32x32-1.png,,18-05-2023,18-05-2023,63.012436,Sony (SONY) Shares Soar Pre-Market: Company Eyes Sony...,"Related posts How to Customize Your Mouse Preferences Using PowerToys in Windows 11 – MUO – MakeUseOf 18.05.2023 Audidia Announces Launch of Podcasts in Android Version of… – GlobeNewswire 18.05.2023  Sony Corp Group SONY is considering a partial spin-off and a separate listing for its financial unit within two to three years.  Sony […]","Like previous versions of Windows, you can change your mouse cursor settings to get the most out of it in...",Article,https://oltnews.com/how-to-customize-your-mouse-preferences-using-powertoys-in-windows-11-muo-makeuseof,"Sony : 0.18494572, Company : 0.13539964, SONY : 0.11249552, your mouse cursor settings : 0.079920106, previous versions : 0.07755767, Windows : 0.06986449, (SONY : 0.051959455",Sony,-,Sony : 3,-,"{'positive': 0.035255417, 'negative': 0.025257502, 'neutral': 0.9394871}",,-,0.799375474,FALSE,TRUE,Neutral,0.333333333,Objective,0.6602547
https://www.benzinga.com/insights/short-sellers/24/03/37961970/sony-analyzing-sony-groups-short-interest,b5a9aafca4fb4ac6adc1cf957a2fce65,benzinga.com,https://cdn.benzinga.com/files/images/story/2023/movers_image_1.jpeg?width=1200&height=800&fit=crop,us,27-03-2024,27-03-2024,63.012436,(SONY) - Analyzing Sony Group's Short Interest - Sony Group (NYSE:SONY),(SONY) - Analyzing Sony Group's Short Interest - Sony Group (NYSE:SONY),"Sony Group's SONY short percent of float has risen 15.38% since its last report. The company recently reported that it has 1.80 million shares sold short, which is 0.15% of all regular shares that are... [2025 symbols]",Article,"https://www.benzinga.com/short-interest, https://www.benzinga.com/money/how-to-short-a-stock/, https://pro.benzinga.com/, https://www.benzinga.com/money/how-to-make-money-on-a-short-squeeze/","Short interest : 0.118670195, short interest : 0.118670195, less short interest : 0.1128491, increasing short interest : 0.1113879, Short selling : 0.10327484, short selling : 0.10327484, more shares : 0.094418645, shares : 0.08499625, Traders : 0.078986414, traders : 0.078986414",Markets,Finance,"SONY : 8, NYSE : 1, Benzinga Pro : 2, Benzinga Money : 1, 10-K : 1",Sony Group Corporation,"{'positive': 0.101593934, 'negative': 0.5057105, 'neutral': 0.39269555}","Sony Group (NYSE:SONY)'s short percent of float has risen by 15.38% since its last report, with 1.80 million shares sold short, which is 0.15% of all regular shares available for trading. Short interest is an indicator of market sentiment towards a stock and can indicate a decrease in short interest. Short selling involves selling shares in the hope that the price of the stock will fall. Traders make money from short selling if the stock's price falls, but lose if it rises. Sony Group's peer group average for short interest as a percentage of float is 2.60%. This indicates that Sony Group has less short interest than most of its peers. Did you know that increasing short interest can actually be bullish for a stock?",Benzinga Insights,0.865045369,FALSE,TRUE,Negative,0.198717949,Objective,0.6253021
https://www.reviewed.com/headphones/features/sony-wh1000xm3-sony-whch710n-vs,a13eaaab870e44eb9ca19feca00b353a,reviewed.com,"https://reviewed-com-res.cloudinary.com/image/fetch/s--3udPPKkp--/b_white,c_limit,cs_srgb,f_auto,fl_progressive.strip_profile,g_center,q_auto,w_1200/https://reviewed-production.s3.amazonaws.com/1580219656052/sony-headphones-shot.jpg",us,17-07-2020,17-07-2020,62.528904,Sony WH1000XM3 vs Sony WHCH710N,Sony WH1000XM3 vs Sony WHCH710N  Reviewed,"Sony's excellent WH-1000XM3 over-ear, noise-canceling headphones are currently our favorite pair of headphones available. They're super comfortable, sound awesome, and deliver some of the best feature... [6336 symbols]",Article,-,"WH-1000XM3 : 0.09808125, cheap headphones : 0.07856634, wireless headphones : 0.07785772, headphones : 0.07781488, noise canceling : 0.06901428, enough noise : 0.062826015, good sound quality : 0.061765995, more battery life : 0.058491975, good reasons : 0.056772903, the Sony WH-1000XM3 : 0.0550985",Sony,-,"Sony : 8, Amazon : 1, WH-1000XM3 : 16, the WH-CH710N : 17, the Bose QC 35 II : 1, every night : 1, about 10 hours : 2, at least 30 hours : 2",-,"{'positive': 0.12525757, 'negative': 0.03467733, 'neutral': 0.84006506}","Sony's excellent WH-1000XM3 over-ear, noise-canceling headphones are currently our favorite pair of headphones available. 

While there's no shortage of cheap headphones, we were still jazzed when Sony launched the WH-CH710N in 2020. 

As wireless headphones go, battery life is one of the most important features. 

You can expect at least 30 hours (or more) of battery life from both sets of headphones.",Lee Neikirk,0.792934418,FALSE,TRUE,Neutral,0.662962963,Subjective,0.5513668
https://unboxing.dlgot.com/unboxing-sony-tv-sony-unboxing/,ba83498b606f478fa8bcfcd01da90731,unboxing.dlgot.com,https://i.ytimg.com/vi/AUYCojx6mCI/maxresdefault.jpg,us,13-05-2023,13-05-2023,62.528904,Unboxing SONY tv #sony #unboxing,"Unboxing SONY tv #sony #unboxing #Unboxing #SONY #sony #unboxing  ""Boblspizza YT""   source",-,Article,-,-,Sony,-,-,-,"{'negative': 0.100109, 'neutral': 0.123056, 'positive': 0.229656}",,danroo,0.644594967,FALSE,TRUE,Positive,0,Objective,0.54114467
https://www.wvnews.com/news/around_the_web/partners/pr_newswire/subject/new_products_services/sony-logo-prnewsfoto-sony-electronics/image_128ffdf3-baa0-586f-bccd-69008965b01a.html,7e812b128b044410b1ce62d2bc77ab32,wvnews.com,https://bloximages.chicago2.vip.townnews.com/wvnews.com/content/tncms/assets/v3/editorial/1/28/128ffdf3-baa0-586f-bccd-69008965b01a/649bd008e0985.image.jpg?crop=235%2C235%2C209%2C0&resize=200%2C200&order=crop%2Cresize,us,28-06-2023,28-06-2023,62.528904,Sony logo (PRNewsFoto/Sony Electronics),Sony logo (PRNewsFoto/Sony Electronics),4K 120p Upgrade Now Available for Users,Article,-,"Sony Electronics : 0.25747824, Sony logo : 0.2264362, Users : 0.2249397, Sony : 0.19310868, 4K 120p : 0.08436084, 

4K 120p Upgrade : 0.08366599, (PRNewsFoto : 0.074717805",Sony,-,"Sony : 2, 4K 120p : 1",-,"{'positive': 0.10963308, 'negative': 0.009953947, 'neutral': 0.88041294}",,"Inc., Sony Electronics",0.695713758,TRUE,TRUE,Neutral,0.4,Objective,0.6084695
https://www.exchange4media.com/digital-news/sony-music-sony-pictures-launch-sony-entertainment-talent-ventures-india-118231.html,8b489c0f9fca467bb7ada4cac5c335e8,exchange4media.com,https://www.exchange4media.com/news-photo/118231-set.jpg,us,03-02-2022,03-02-2022,61.814804,Sony Music & Sony Pictures launch ‘Sony Entertainment Talent Ventures India’,Sony Music & Sony Pictures launch ‘Sony Entertainment Talent Ventures India’  Exchange4Media,"Sony Music Entertainment and Sony Pictures Entertainment has announced the creation of Sony Entertainment Talent Ventures India (SETVI), a new entertainment company focused on creating ventures for me... [1469 symbols]",Article,-,"Sony Pictures Networks India : 0.12948458, Sony Entertainment Talent Ventures India : 0.12745805, Sony Group : 0.12038726, Sony Pictures Entertainment : 0.119296536, Sony Pictures Motion Picture Group : 0.11381137, Sony Music Entertainment : 0.11370286, commercial talent : 0.11354439, media talent : 0.10551612, India : 0.103314646, talent : 0.1026179","India, Sony",-,"Sony Music Entertainment : 6, SETVI : 5, Sony Pictures Networks India : 1, Sony Pictures Motion Picture Group : 1, India : 5, Shridhar Subramaniam : 2, Sanford Panitch : 2, NP Singh : 1, Vijay Singh : 1, Asia : 1, Middle East : 1",-,"{'positive': 0.67984474, 'negative': 0.008626203, 'neutral': 0.31152907}","Sony Music Entertainment and Sony Pictures Entertainment has announced the creation of Sony Entertainment Talent Ventures India (SETVI), a new entertainment company focused on creating ventures for media talent in India. 

Shridhar Subramaniam, Sanford Panitch and NP Singh (Managing Director and Chief Executive Officer, Sony Pictures Networks India) comprise SETVI’s board of directors and Vijay Singh will lead the new company as CEO. 

In the first official cross-corporation joint venture for Sony Group in India, SETVI combines the expertise and global reach of both companies, leveraging the vast pool of commercial talent and star-power in India to build investment opportunities, partnerships, metaverse solutions and more for talent. 



“SETVI will leverage our expertise, deep local relationships and global reach to give talent the potential to scale, become household brands and fully realize their creative and commercial potential,” added Shridhar Subramaniam, President of Corporate Strategy and Market Development in Asia and Middle East, Sony Music Entertainment. The digital revolution and India’s unique start-up culture bring huge opportunities and SETVI’s role will be to partner with talent to build and serve their fans in exciting new ways.”

“Sony Group’s ecosystem in India offers far-reaching and unique opportunities for talent to build their brands in an authentic way",exchange4media Staff,0.83240366,FALSE,TRUE,Positive,0.454545455,Objective,0.69534755
https://stocknews.com/news/sony-tme-fjtny-pltk-is-the-time-right-to-buy-sony-group-sony/,5d67a01d4ee24ed18b6074c21081920c,stocknews.com,https://stocknews.com/wp-content/uploads/2018/06/sony-sne-logo.jpg,us,12-06-2023,12-06-2023,61.814804,SONY: Is the Time Right to Buy Sony Group (SONY)?,"Amidst market expectations falling short for the current business year, Sony Group (SONY) faces a challenging landscape. So, let’s look at some of its financial metrics to analyze if it is the right time to buy the stock...","SONY – Amidst market expectations falling short for the current business year, Sony Group (SONY) faces a challenging landscape. So, let’s look at some of its financial metrics to analyze if it is the ... [228 symbols]",Article,https://stocknews.com/stock/SONY/,"Sony Group : 0.18610737, SONY : 0.15687843, a challenging landscape : 0.10511695, the current business year : 0.08281243, the right time : 0.08251496, market expectations : 0.08036549, its financial metrics : 0.054695677, the Time : 0.05227251, the stock : 0.04861804",Sony,-,SONY : 6,-,"{'positive': 0.061203543, 'negative': 0.024137948, 'neutral': 0.91465855}",,StockNews.com Staff,0.843470633,FALSE,TRUE,Neutral,0.425,Objective,0.61722785
https://actudejeuxvideos.com/sony-apologizes-for-sony-interview-with-sony-developer-neil-druckmann/,fbdf3fb3250e413da2f343ac8400a74a,actudejeuxvideos.com,https://cdn.mos.cms.futurecdn.net/LKobr8NEB3RS34MRU48MuN-1200-80.jpg,us,30-05-2024,30-05-2024,61.814804,Sony apologizes for Sony interview with Sony developer Neil Druckmann,"Sony has apologized to Naughty Dog studio boss Neil Druckmann for ""misrepresenting his words"" in a recent promotional interview, which it acknowledged contained ""several significant errors and inaccuracies."" The interview has now been taken down.In the interview published by Sony last week, Druckmann reportedly praised the potential of generative AI, saying it is ""opening the","Sony has apologized to Naughty Dog studio boss Neil Druckmann for “misrepresenting his words” in a recent promotional interview, which it acknowledged contained “several significant errors and inaccur... [3426 symbols]",Article,-,"Sony interview : 0.12565987, Sony developer Neil Druckmann : 0.12409722, Sony : 0.10286386, Neil Druckmann : 0.10160537, Naughty Dog studio boss Neil Druckmann : 0.10028143, Druckmann : 0.09344121, Naughty Dog : 0.06999497, Naughty Dog’s Neil Druckmann : 0.066782095, several significant errors : 0.06291381, generative AI : 0.060717504",-,-,"Sony : 17, Naughty Dog : 4, Amazon : 1, SIE : 1, Neil Druckmann : 13, The Last of Us : 1","Sony Interactive Entertainment, Sony","{'positive': 0.063044704, 'negative': 0.664036, 'neutral': 0.2729193}","Sony has apologized to Naughty Dog studio boss Neil Druckmann for misrepresenting his words in a promotional interview, which it acknowledged contained ""several significant errors and inaccuracies"". The interview, published by Sony last week, reportedly praised the potential of generative AI and suggested that it could lead to more adventurous projects and redefine gaming perceptions. However, after the interview was published, Druckman took to Twitter to clarify that the statement about redefining perceptions of gaming was not quite what he said. He also provided the full text of his response to a question about future innovation in gaming, which he did not say in the published interview. Sony has now removed the interview from its website.",Frédéric Leblanc,0.843458295,FALSE,TRUE,Negative,0.50625,Subjective,0.5737739
https://www.pcgamer.com/gaming-industry/sony-apologizes-for-sony-interview-with-sony-developer-neil-druckmann/,140ea1e5bf5540df97fbdd40a59536eb,pcgamer.com,https://cdn.mos.cms.futurecdn.net/LKobr8NEB3RS34MRU48MuN-1200-80.jpg,us,29-05-2024,29-05-2024,61.814804,Sony apologizes for Sony interview with Sony developer Neil Druckmann,"Sony has taken down the interview, conducted by Sony, saying it contained ""several significant errors and inaccuracies.""","Sony has apologized to Naughty Dog studio boss Neil Druckmann for ""misrepresenting his words"" in a recent promotional interview, which it acknowledged contained ""several significant errors and inaccur... [3426 symbols]",Article,"https://x.com/Neil_Druckmann/status/1794187395279253837, https://x.com/Neil_Druckmann/status/1794187392183898408, https://www.pcgamer.com/software/ai/naughty-dogs-neil-druckmann-is-a-big-fan-of-generative-ai-with-ai-your-creativity-sets-the-limits/, https://www.sony.com/en/SonyInfo/creative-entertainment-vision/interview/2.html","Sony interview : 0.12715472, Sony developer Neil Druckmann : 0.125467, Sony : 0.104321286, Neil Druckmann : 0.1024727, Naughty Dog studio boss Neil Druckmann : 0.10113463, Druckmann : 0.09421615, Naughty Dog : 0.07058745, Naughty Dogs Neil Druckmann : 0.06735062, several significant errors : 0.06345394, generative AI : 0.061178256",-,-,"Sony : 17, Naughty Dog : 4, Amazon : 1, SIE : 1, Neil Druckmann : 13, The Last of Us : 1","Sony, Sony Interactive Entertainment","{'positive': 0.05786141, 'negative': 0.6782232, 'neutral': 0.26391545}","Sony has apologized to Naughty Dog studio boss Neil Druckmann for misrepresenting his words in a promotional interview, which it acknowledged contained ""several significant errors and inaccuracies"". The interview, published by Sony last week, reportedly featured Druckman praising the potential of generative AI and promising to explore more adventurous projects in games. However, after the interview was published, Druckm clarified that the statement about redefining perceptions of gaming was not quite what he said. He provided the full text of his response to a question about ""future innovation"" in gaming, which he did not say in the published interview. Sony has now removed the interview and stated that it will work with Naughty Dogs and SIE to rectify these errors.",Andy Chalk,0.840517342,FALSE,TRUE,Negative,0.50625,Subjective,0.5889545
https://www.benzinga.com/news/23/05/32459765/sony-shares-are-surging-premarket-company-eyes-sony-financial-arm-ipo,bd5b94cd68314b3e89c06ecdded73e43,benzinga.com,https://cdn.benzinga.com/files/images/story/2023/05/18/sony.png?width=1200&height=800&fit=crop,us,18-05-2023,18-05-2023,61.463932,Sony (SONY) Shares Are Surging Premarket: Company Eyes Sony Financial Arm IPO - Sony Group (NYSE:SONY),Sony (SONY) Shares Are Surging Premarket: Company Eyes Sony ...,© 2023 Benzinga.com. Benzinga does not provide investment advice. All rights reserved.,Article,"https://www.benzinga.com/news, https://www.bloomberg.com/news/articles/2023-05-18/sony-considers-spinning-off-and-listing-its-giant-financial-arm?srnd=technology-vp&sref=TBDibEcD, https://www.benzinga.com/m-a/22/12/29919862/general-electric-board-approves-healthcare-division-spinoff-likely-to-begin-trading-on-january-4, https://www.benzinga.com/news/earnings/23/04/32076942/concerns-over-playstation-clouds-sonys-prospects-despite-record-sale-in-q4, https://www.benzinga.com/pre-market-outlook, https://www.benzinga.com/briefs, https://www.benzinga.com/media, https://www.benzinga.com/movers, https://www.benzinga.com/news/ipos, https://www.benzinga.com/topic/why-its-moving, https://www.benzinga.com/markets/equities/23/05/32440361/sony-discloses-200b-share-repurchase-plan","Sony Financial Arm IPO : 0.22179958, Sony Financial Arm : 0.21623364, Sony Group : 0.20099151, Sony : 0.17682743, SONY : 0.16787256, Premarket : 0.14006501, Company : 0.13111915, NYSE : 0.1259421, investment advice : 0.11322472, Sony (SONY) Shares : 0.10222803","Markets, NYSE, IPO, Sony",Finance,"Sony : 5, NYSE : 1, Benzinga : 1",-,"{'positive': 0.021154255, 'negative': 0.043511815, 'neutral': 0.93533397}",,Anusuya Lahiri,0.82250452,FALSE,TRUE,Neutral,0,Objective,0.68368995
https://electrek.co/guides/sony/,037112c364de4832975abbbb5b1dcf78,electrek.co,,us,24-01-2022,24-01-2022,61.12252,Sony,Sony  Electrek,Sony executives have said that the company is searching for new technology partners to help it bring its electric vehicle projects to life as it forges its path from entertainment company to the autom... [227 symbols],Article,-,"entertainment company : 0.16576184, new technology partners : 0.14379126, life : 0.11319645, the automotive and e-mobility space : 0.10788418, its electric vehicle projects : 0.09684599, Sony executives : 0.07320451, the company : 0.06034814, its path : 0.053720254, Sony : 0.051384095",Sony,Auto,Sony : 1,-,"{'positive': 0.7077867, 'negative': 0.009148992, 'neutral': 0.28306437}",Sony executives have said that the company is searching for new technology partners to help it bring its electric vehicle projects to life as it forges its path from entertainment company to the automotive and e-mobility space.,Jo Borrás,0.829628587,FALSE,TRUE,Positive,0.454545455,Objective,0.65070707
https://fortune.com/company/sony/amp/,f5d335935138404b9077f9f26e29493f,fortune.com,"https://content.fortune.com/wp-content/uploads/2014/06/sony.jpg?resize=1200,600",us,08-08-2022,11-08-2022,61.12252,Sony,Sony,A new Langya virus from shrews has infected dozens in China—but scientists say it ‘doesn’t look like a repeat of COVID-19’,Article,-,"COVID-19 : 0.2252676, scientists : 0.1497558, China : 0.14356533, dozens : 0.13602865, shrews : 0.11917298, A new Langya virus : 0.08305887, a repeat : 0.08114499",Sony,-,China : 1,-,"{'positive': 0.07931868, 'negative': 0.4125848, 'neutral': 0.5080966}",A new Langya virus from shrews has infected dozens in China—but scientists say it ‘doesn’t look like a repeat of COVID-19’,Charles Lyons,0.742877424,FALSE,TRUE,Neutral,0.454545455,Objective,0.58004713
https://www.ghacks.net/2023/03/18/ps5-pro-and-slim-everything-weve-heard-about-sonys-future-consoles/,6538fb7763b7471bbebe36cd4823f099,ghacks.net,https://www.ghacks.net/wp-content/uploads/2023/03/PS5-Pro-and-Slim-scaled.jpg,us,18-03-2023,18-03-2023,61.12252,Sony,Learn more about the Sony PlayStation 5 Pro and Slim. Check what the gamers can expect and what the price point would be.,"After the launch of the PS4 in 2013, the new PS4 Slim and a high-end PS4 Pro appeared three years later in 2016. This was also the case with the PS3 that saw a three-year gap between its launch and it... [1761 symbols]",Article,"https://en.softonic.com/articles/great-offers-playstation-store-remakes-remasters-retro, https://www.ghacks.net/2023/03/03/ps5-and-ps4-gamers-werent-happy-about-the-playstation-network-going-down/","Xbox Series S. : 0.13037185, PS5 Slim : 0.09960627, PS4 Pro : 0.092742346, PS4 Slim : 0.0898489, PS5 : 0.08183909, the Xbox Series S. : 0.07694141, less heat : 0.07574693, faster frame rates : 0.075331405, Microsoft : 0.073765814, AMD : 0.07375789","Gaming, Playstation, PS5, Sony",Tech,"Sony : 4, TheLeak : 1, Microsoft : 2, AMD : 1, PS4 : 4, PS3 : 1, the PS5 Pro : 12, the PS5 Slim : 3, Zen 2 : 2, Xbox Series S. : 1",Sony Group Corporation,"{'positive': 0.11958273, 'negative': 0.045266755, 'neutral': 0.8351505}","Sony has released two new consoles, the PS4 Slim and a high-end PS4 Pro, in different versions, with the PS5 Pro and PS5 Slim. Rumors suggest that a redesigned PS5 could be released soon, however, it may not be called PS 5 Slim. The PS5 has a large internal chipset and a smaller chipset may be in the works, allowing Sony to shrink the new console with an upgrade that will offer faster frame rates and a higher resolution. The current eight core CPU is based on 2019’s Zen 2 architecture by AMD, and the PS 5 Pro could see faster processing with the Zen 4. When the two consoles will be released, reports state that the PSFive Pro may be released somewhere around late 2023 or 2024, but it may be later in 2023.",-,0.810503483,FALSE,TRUE,Neutral,0.227272727,Objective,0.6003452
https://cryptoslate.com/companies/sony/,14c97f5f2f6c4cabaef57875c163f949,cryptoslate.com,https://cryptoslate.com/wp-content/uploads/2023/03/sony-social.jpg,us,21-03-2023,21-03-2023,61.12252,Sony,"Sony Group Corporation, often known simply as Sony, is a Japanese multinational conglomerate corporation headquartered in Minato, Tokyo, Japan.","Sony Group Corporation, often known simply as Sony, is a Japanese multinational conglomerate corporation headquartered in Minato, Tokyo, Japan. It is one of the biggest producers of consumer and busin... [527 symbols]",Article,-,"largest music publisher : 0.15294544, video games : 0.15288365, the biggest video game console maker : 0.13597222, Japan : 0.11056816, the biggest media organizations : 0.10976285, Japan’s biggest media and technology company : 0.10627923, the biggest music corporations : 0.105251044, the biggest publisher : 0.09815939, Tokyo : 0.08529515, the biggest producers : 0.08486672","Cryptocurrency, Sony",Finance,"Sony : 4, Japanese : 1, Minato : 1, Tokyo : 1, Japan : 2","Sony Music Publishing (US), LLC, Sony Group Corporation","{'positive': 0.11499634, 'negative': 0.010667639, 'neutral': 0.874336}","Sony Group Corporation, a Japanese multinational conglomerate corporation headquartered in Minato, Tokyo, Japan, is one of the biggest producers of consumer and business electronics, the biggest video game console maker, and the biggest publisher of video games. With Sony Entertainment, Sony Entertainment is also known as the biggest music corporation and media organization. It is Japan's biggest media and technology company.",CryptoSlate Companies,0.778049648,FALSE,TRUE,Neutral,0.178571429,Objective,0.6455009
https://unboxing.dlgot.com/sony-bravia-xr-a80k-oled-tv-unboxing/,d064bb9380734c6b8819fff0c51cf03f,unboxing.dlgot.com,https://i.ytimg.com/vi/Y_MTkhfk6fM/maxresdefault.jpg,us,29-03-2023,29-03-2023,61.12252,Sony,Sony,"To learn more about the BRAVIA XR A80K OLED TV or for additional support, click here:

Get the best of Sony delivered to your inbox. Sign up here:

If you are interested in a Sony product and would li... [251 symbols]",Article,https://www.youtube.com/watch?v=Y_MTkhfk6fM,"additional support : 0.149171, BRAVIA XR A80K : 0.14166406, source : 0.13619483, more information : 0.1360228, Sony : 0.12744768, the BRAVIA XR A80K OLED TV : 0.11419138, a Sony product : 0.07613968, your inbox : 0.06898827","Electronics, Shopping, Sony",Tech,"Sony : 3, BRAVIA XR A80K : 1",-,"{'positive': 0.0558408, 'negative': 0.012508533, 'neutral': 0.9316507}",,danroo,0.732487559,FALSE,TRUE,Neutral,0.433333333,Objective,0.5482098
https://unboxing.dlgot.com/sony-bravia-xr-a80l-oled-4k-google-tv-product-overview/,6e7a358899e24fa5bd1ebd7009cc4c49,unboxing.dlgot.com,https://i.ytimg.com/vi/cui23TW-J_c/maxresdefault.jpg,us,08-06-2023,08-06-2023,61.12252,Sony,Sony,"For more information on the Sony BRAVIA® XR A80L TV, click here:

If you are interested in a Sony product and would like more information, you can schedule a one-on-one consultation with our experts h... [248 symbols]",Article,https://www.youtube.com/watch?v=cui23TW-J_c,"BRAVIA® XR A80L TV : 0.18570831, source : 0.1494046, more information : 0.14395364, the Sony BRAVIA® XR A80L TV : 0.14165238, Sony : 0.14079036, a Sony product : 0.08261613, our experts : 0.050061252, a one-on-one consultation : 0.019782614","Google, Sony",Tech,"Sony : 4, BRAVIA® XR A80L TV : 1",-,"{'positive': 0.09155077, 'negative': 0.010254642, 'neutral': 0.89819455}",,danroo,0.764544368,FALSE,TRUE,Neutral,0.5,Subjective,0.56535006
https://newstaq.com/sony-the-verge/,1b3d8e34d34d48739266aea20cef1463,newstaq.com,https://newstaq.com/wp-content/uploads/2024/06/Sony_Monitor_and_Control_app_update.0.jpg,us,04-06-2024,04-06-2024,61.12252,Sony,Sony,"Or they will, in a new movie called Fly Me to the Moon, from Apple Original Films (and distributed by Sony Pictures). The movie imagines Johansson and Tatum as Kelly Jones and Cole Davis, who are give... [286 symbols]",Article,-,"Apple Original Films : 0.15434982, Kelly Jones : 0.13232678, Cole Davis : 0.13157378, Sony Pictures : 0.11098326, Apollo : 0.10127733, Tatum : 0.09978858, Johansson : 0.09239709, a fake Apollo landing : 0.08977084, Sony : 0.08788605, a new movie : 0.06647204",-,-,"Sony : 2, Apple Original Films : 1, Fly Me to the Moon : 1, Johansson : 1, Tatum : 1, Kelly Jones : 1, Cole Davis : 1, Apollo : 1",-,"{'positive': 0.24679488, 'negative': 0.14868705, 'neutral': 0.6045181}",,Newstaq,0.757995486,FALSE,TRUE,Neutral,0.701515152,Subjective,0.6513057
https://www.zacks.com/commentary/1953876/bear-of-the-day-sony-sony,f3210eea6d2a40ef906c1fcb5e7dfe8f,zacks.com,https://staticx-tuner.zacks.com/images/default_article_images/default235.jpg,us,19-07-2022,19-07-2022,60.776886,Bear of the Day: Sony (SONY),Bear of the Day: Sony (SONY),You follow Bear of the Day - edit,Article,https://www.zacks.com/my-account/alert-preferences/,"Bear : 0.20689318, Bear of the Day : 0.11691601, the Day : 0.11407307",Sony,-,Bear of the Day : 1,-,"{'positive': 0.05690458, 'negative': 0.025490806, 'neutral': 0.91760457}",You follow Bear of the Day - edit,Zacks Investment Research,0.666430593,FALSE,TRUE,Neutral,0,Objective,0.52626526
https://www.nasdaq.com/articles/sony-group-enters-oversold-territory-sony,633b1e39cf1b45d3b8f47f1f3c113769,nasdaq.com,https://www.nasdaq.com/media/355876,us,02-09-2022,02-09-2022,60.776886,Sony Group Enters Oversold Territory (SONY),Sony Group Enters Oversold Territory (SONY),"Legendary investor Warren Buffett advises to be fearful when others are greedy, and be greedy when others are fearful. One way we can try to measure the level of fear in a given stock is through a tec... [1152 symbols]",Article,https://www.etfchannel.com/slideshows/ten-oversold-stocks/,"SONY shares : 0.10838662, others : 0.09960017, entry point opportunities : 0.09705196, RSI : 0.08849896, share : 0.08750296, shares : 0.08750296, Sony Group Corp : 0.0778863, SONY : 0.07456105, oversold territory : 0.070901684, SPY : 0.06774845","Markets, Sony",Finance,"Warren Buffett : 1, Sony Group Corp : 5",-,"{'positive': 0.061092608, 'negative': 0.8049964, 'neutral': 0.1339111}","

In trading on Thursday, shares of Sony Group Corp (Symbol: SONY) entered into oversold territory, hitting an RSI reading of 29.5, after changing hands as low as $78.04 per share. A bullish investor could look at SONY's 29.5 RSI reading today as a sign that the recent heavy selling is in the process of exhausting itself, and begin to look for entry point opportunities on the buy side. The chart below shows the one year performance of SONY shares: 

Looking at the chart above, SONY's low point in its 52 week range is $78.04 per share, with $133.75 as the 52 week high point — that compares with a last trade of $78.40.

Find out what 9 other oversold stocks you need to know about »",BNK Invest,0.871664405,FALSE,TRUE,Negative,1,Subjective,0.63194364
https://www.nasdaq.com/articles/sony-group-enters-oversold-territory-sony-0,81208a7d4f1943e898b1a3e4f4c5b915,nasdaq.com,https://www.nasdaq.com/sites/acquia.prod/files/styles/299x168/public/image/c1d4fcad906e8e532d773525ca8b47493d7dbd7c_gettyimages-831684006_large.jpg?itok=BCvIg6Hb,us,10-10-2022,10-10-2022,60.776886,Sony Group Enters Oversold Territory (SONY),"Legendary investor Warren Buffett advises to be fearful when others are greedy, and be greedy when others are fearful.  One way we can try to measu...","Legendary investor Warren Buffett advises to be fearful when others are greedy, and be greedy when others are fearful. One way we can try to measure the level of fear in a given stock is through a tec... [1151 symbols]",Article,"https://www.etfchannel.com/slideshows/ten-oversold-stocks/, https://contrarianoutlook.com/free-monthly-dividend-report/BNKSYNDICATED?source=MNTHLYBNKSYNDICATED=&utm_source=MNTHLYBNKSYNDICATED&utm_medium=articles&utm_campaign=MNTHLYBNKSYNDICATED","SONY shares : 0.112439446, others : 0.09946578, entry point opportunities : 0.09756087, share : 0.08749343, shares : 0.08749343, RSI : 0.086228535, SONY : 0.08104232, Oversold Territory : 0.0799907, oversold territory : 0.0799907, Sony Group Corp : 0.074408926","Markets, Sony",Finance,"Sony Group : 6, Warren Buffett : 1",Sony Group Corporation,"{'positive': 0.06790634, 'negative': 0.7980181, 'neutral': 0.13407563}","In trading on Monday, shares of Sony Group Corp (Symbol: SONY) entered into oversold territory, hitting an RSI reading of 28.4, after changing hands as low as $65.055 per share. A bullish investor could look at SONY's 28.4 RSI reading today as a sign that the recent heavy selling is in the process of exhausting itself, and begin to look for entry point opportunities on the buy side. The chart below shows the one year performance of SONY shares:

 Looking at the chart above, SONY's low point in its 52 week range is $63.93 per share, with $133.75 as the 52 week high point — that compares with a last trade of $65.18.

Find out what 9 other oversold stocks you need to know about »",BNK Invest,0.873751938,FALSE,TRUE,Negative,1,Subjective,0.62156504
https://www.reddit.com/r/sony/comments/y7q6ah/sony_wf_xm3_issue/,5ed848ee91a0482c8a50188a69573d4a,reddit.com,,us,19-10-2022,19-10-2022,60.776886,Sony WF XM3 issue : r/sony,0 votes and 1 comment so far on Reddit,"This subreddit is dedicated to anything and everything Sony-related. There are product(-category) specific subreddits (e.g. r/PlayStation or r/SonyHeadphones), so please consider posting there instead... [209 symbols]",Article,-,"Sony WF XM3 issue : 0.19209054, r : 0.1559385, Sony : 0.13956887, PlayStation : 0.12214291, product(-category) specific subreddits : 0.10173609, e.g. r : 0.07202491, This subreddit : 0.07048715, WF XM3 issue : r/sony.

 : 0.06012978",Sony,-,"Sony : 2, PlayStation : 1, WF XM3 issue : r/sony.

 : 1",-,"{'positive': 0.026708182, 'negative': 0.025047798, 'neutral': 0.9482441}","Sony WF XM3 issue : r/sony.

This subreddit is dedicated to anything and everything Sony-related. There are product(-category) specific subreddits (e.g. r/PlayStation or r/SonyHeadphones), so please consider posting there instead/as well.",-,0.793362498,FALSE,TRUE,Neutral,0.125,Objective,0.5385009
https://www.digitalcameraworld.com/buying-guides/sony-a7r-v-vs-sony-a1,ecafc8ec6c29450b818d1017c82baa5e,digitalcameraworld.com,https://cdn.mos.cms.futurecdn.net/otMFeAjLxVKPbPTAM7CKT7-1200-80.jpg,us,06-11-2022,06-11-2022,60.776886,Sony A7R V vs Sony A1,The new Sony A7R V packs in so much power it really closes in on the far more expensive Sony A1 – so which is actually best?,"Sony has a habit of cramming more power, more features and more speed into every model, pushing the envelope in every direction at once. That’s certainly the case with the Sony A7R V, the ‘resolution’... [7541 symbols]",Article,"https://target.georiot.com/Proxy.ashx?tsid=8430&GR_URL=https%3A%2F%2Fwww.amazon.com%2Fs%3Fk%3DSony+A7R+V%26tag%3Dhawk-future-20%26ascsubtag%3Ddcw-us-6493167942555992000-20, https://www.digitalcameraworld.com/buying-guides/the-best-cameras-for-professionals, https://target.georiot.com/Proxy.ashx?tsid=8430&GR_URL=https%3A%2F%2Fwww.amazon.com%2Fdp%2FB08V226T8Q%2Fref%3Dasc_df_B08V226T8Q1667696400000%3Ftag%3Dhawk-future-20%26creative%3D395261%26creativeASIN%3DB08V226T8Q%26linkCode%3Dasn%26ascsubtag%3Ddcw-us-8012084444891948000-20, https://www.digitalcameraworld.com/buying-guides/the-10-highest-resolution-cameras-you-can-buy-today, https://www.digitalcameraworld.com/buying-guides/best-sony-cameras, https://shop-links.co/link/?publisher_slug=future&u1=dcw-us-1022150430841507500&exclusive=1&url=https%3A%2F%2Fwww.crutchfield.com%2FI-rNARc1FFW%2Fp_158A7RV%2FSony-Alpha-a7R-V-no-lens-included.html&article_name=Sony%20A7R%20V%20vs%20Sony%20A1&article_url=https%3A%2F%2Fwww.digitalcameraworld.com%2Fbuying-guides%2Fsony-a7r-v-vs-sony-a1%2F%2Fbuying-guides%2Fsony-a7r-v-vs-sony-a1, https://goto.walmart.com/c/1943169/568844/9383?veh=aff&sourceid=imp_000011112222333344&u=https%3A%2F%2Fwww.walmart.com%2Fip%2F425334531&subId1=dcw-us-2183834401068033000&sharedId=dcw-us, https://www.digitalcameraworld.com/reviews/sony-a1-review, https://target.georiot.com/Proxy.ashx?tsid=8430&GR_URL=https%3A%2F%2Fwww.amazon.com%2Fdp%2FB08V226T8Q%3Ftag%3Dhawk-future-20%26linkCode%3Dogi%26th%3D1%26psc%3D1%26ascsubtag%3Ddcw-us-1031192543839521900-20, https://www.bhphotovideo.com/c/product/1731389-REG/sony_alpha_camera.html/BI/20811/KBID/16572?SID=dcw-us-8107889507149700000, https://www.digitalcameraworld.com/reviews/sony-a7r-v-review, https://target.georiot.com/Proxy.ashx?tsid=8430&GR_URL=https%3A%2F%2Famazon.com%2Ftryprimefree%3Ftag%3Dhawk-future-20%26ascsubtag%3Dhawk-custom-tracking-20, https://shop-links.co/link/?publisher_slug=future&u1=dcw-us-7150417993282250000&exclusive=1&url=https%3A%2F%2Fbestbuy.7tiv.net%2Fc%2F376373%2F633495%2F10014%3Fprodsku%3D6451018%26u%3Dhttp%253A%252F%252Fwww.bestbuy.com%252Fsite%252F-%252F6451018.p%253Fcmp%253DRMX&article_name=Sony%20A7R%20V%20vs%20Sony%20A1&article_url=https%3A%2F%2Fwww.digitalcameraworld.com%2Fbuying-guides%2Fsony-a7r-v-vs-sony-a1%2F%2Fbuying-guides%2Fsony-a7r-v-vs-sony-a1","Sony A7R V : 0.12256282, Sony A1 : 0.113892965, A7R V : 0.106510095, A1 : 0.08559585, Sony : 0.085243225, A7R : 0.08157186, many Sony owners : 0.08020541, A7R V. : 0.07995885, V : 0.078156784, The Sony A7R V : 0.07233276",Sony,-,"Sony : 40, A7R V : 30, A1 : 30, Alpha : 1, APS-C/Super35 crop mode : 1, UHS II : 1, CFexpress Type A : 2",-,"{'positive': 0.24190816, 'negative': 0.01597871, 'neutral': 0.7421131}","Sony A7R V vs Sony A1.

 
• Sony A7R V: 5-axis IBIS, up to 8 stops compensation
• Sony A1: 5-axis IBIS, up to 5.5 stops compensation 

The Sony A7R V, as part of its upgrade from the previous version, gets Sony’s latest and best 9.44m-dot EVF, which puts it on a par with the Sony A1. 

The Sony A7R V and Sony A1 are so close in dimensions and weight as to be practically the same.",Rod Lawton,0.785836339,FALSE,TRUE,Neutral,0.517857143,Subjective,0.56663656
https://finance.yahoo.com/news/bull-day-sony-sony-120012642.html?.tsrc=rss,ba4f5c3f5c694d9588f72084a8fb59c1,finance.yahoo.com,https://media.zenfs.com/en/zacks.com/bb21dc4464b623acd5dc318f32425b45,us,16-02-2023,16-02-2023,60.776886,Bull of the Day: Sony (SONY),Earnings and sales growth are forecast to return next year.,"The stock market is clawing back from a rough 2022. Since October of last year, the bid has re-entered the fray. It’s led some serious bounces in many different industries. Looking at the YTD numbers ... [2066 symbols]",Article,"https://www.zacks.com/commentary/2054940/bull-of-the-day-sony-sony?cid=CS-YAHOO-FT-bull_of_the_day-2054940, https://www.zacks.com/, https://www.zacks.com/registration/pfp/?ALERT=RPT_7BEST_YHOSYND&ADID=SYND_YAHOO_7BEST_BULLOFDAY&cid=CS-YAHOO-FT-bull_of_the_day-2054940, https://www.zacks.com/registration/pfp?ALERT=YAHOO_ZER&d_alert=ZER_CONF&t=SONY&ADID=SYND_YAHOO_TCK_BULLOFDAY&cid=CS-YAHOO-FT-bull_of_the_day-2054940","next year : 0.14107174, Current year : 0.13383026, year : 0.13245195, Current year growth numbers : 0.13076966, last year : 0.12991504, earnings growth : 0.0935811, earnings : 0.086550556, the current year Zacks Consensus Estimate : 0.08399008, next year’s number : 0.08335539, Zacks Rank : 0.077520475",Sony,-,"Sony : 4, Utilities : 1, Zacks Rank : 3, Japan : 1, the United States : 1, China : 1, Europe : 1, the Asia-Pacific : 1","Sony Group Corporation, Sony Centre","{'positive': 0.19401287, 'negative': 0.7590907, 'neutral': 0.046896428}","Sony Group Corporation, a company that distributes electronic equipment, instruments, and devices for the consumer, professional, and industrial markets in Japan, the United States, Europe, China, the Asia-Pacific, and internationally. The strong performance of Sony Group Corporation has been attributed to the strength of the Zacks Rank, which has increased earnings estimates for the current year and next year. Current year growth numbers call for a 12.5% contraction in earnings this year on virtually unchanged year-over-year earnings. Today, you can download 7 Best Stocks for the Next 30 Days.",David Bartosiak,0.867030144,FALSE,TRUE,Negative,0.372222222,Objective,0.6518945
https://www.zacks.com/commentary/2054940/bull-of-the-day-sony-sony,728522d8a1c64372b666fb89521cb0fe,zacks.com,https://staticx-tuner.zacks.com/images/default_article_images/default162.jpg,us,16-02-2023,16-02-2023,60.776886,Bull of the Day: Sony (SONY),Earnings and sales growth are forecast to return next year.,You follow Bull of the Day - edit,Article,https://www.zacks.com/my-account/alert-preferences/,"SONY : 0.269595, Sony : 0.19821016, Bull : 0.17194206, Bull of the Day : 0.095446914, the Day : 0.091931395",Sony,-,"Bull of the Day : 2, Sony : 1, SONY : 1",-,"{'positive': 0.05301474, 'negative': 0.026801052, 'neutral': 0.9201842}",,Zacks Investment Research,0.77876085,FALSE,TRUE,Neutral,0,Objective,0.6550923
https://game-news24.com/2023/02/25/sony-home-playstation-5-insider-sony/,fc40ebd7dfc74a0c9bf99429b37989a1,game-news24.com,https://img.game-news24.com/2023/02/Sony-home-PlayStation-5-Insider-Sony.jpeg,us,25-02-2023,25-02-2023,60.776886,Sony home: PlayStation 5: Insider: Sony,"Even though Sony is said to be staying away from E3 2023, the company plans a summer display for the PlayStation 5 and according to a well-known insider, this","Even though Sony is said to be staying away from E3 2023, the company plans a summer display for the PlayStation 5 and according to a well-known insider, this should be big.

After overcoming the wors... [1653 symbols]",Article,-,"PlayStation : 0.10858591, certain titles : 0.10252533, Sony home : 0.085944735, Sony : 0.084847406, Game Mess : 0.07911404, summer : 0.07622107, E3 : 0.07537114, Insider : 0.073210284, Jeff Grubb : 0.070682034, Marvels Spider-Man : 0.06698669","Gaming, Playstation, Sony",Tech,"Sony : 7, Grubb : 1, AAA : 1, Marvels Wolverine : 1, PlayStation 5 : 6, PS5 : 1, E3 2023 : 3, Jeff Grubb : 3, Game Mess : 1, the State of Play : 1, Marvels Spider-Man 2 : 1",Sony Group Corporation,"{'positive': 0.071041495, 'negative': 0.014178007, 'neutral': 0.91478044}","Sony is reportedly staying away from E3 2023 and plans to launch the second phase of the PlayStation 5 and build a massive event in summer. According to a well-known insider, this should be big. Jeff Grubb, a journalist who is regularly informed by his information even before it officially has arrived, is saving the game for the PlayStation 3 show which will take place before E3. The introduction of Marvels Spider-Man 2 and Marvels Wolverine has already been announced since the event in October 2021. Sony also has several first party studios who work on the AAA title, and a trailer featuring some of the strongest brands of PlayStation 5 was created in an article format.",William B,0.854431748,FALSE,TRUE,Neutral,0.1,Objective,0.6315882
https://www.theunionjournal.com/investors-alert-sony-group-corporation-sony/,c947d18f14fb43bd8e62cee251a99b31,theunionjournal.com,https://www.theunionjournal.com/wp-content/uploads/2021/05/Breaking-News-Vector-Illustration-by-indostudio.jpg,us,05-06-2023,05-06-2023,60.776886,Investors Alert: Sony Group Corporation (SONY),Sony Group Corporation (SONY) observed an average volume with 824.69K shares and exchanged 159839 shares on hands in most recent trading session. The stock,Sony Group Corporation (SONY) observed an average volume with 824.69K shares and exchanged 159839 shares on hands in most recent trading session. The stock acknowledged active focus on shares in the c... [3361 symbols],Article,-,"last month : 0.12222552, stock price : 0.095323145, share price : 0.09414931, stock price movement : 0.09097248, company shares : 0.08497451, moving average : 0.07998579, Beta indicator : 0.07777967, Market risk : 0.075816534, beta factor : 0.07352652, most recent trading session : 0.070758246",Sony,-,"Sony Group Corporation : 6, Japan Country : 1, FINVIZ : 1, J. Welles Wilder : 1",Sony Group Corporation,"{'positive': 0.04898038, 'negative': 0.025472801, 'neutral': 0.92554677}","Sony Group Corporation (SONY) observed an average volume with 824.69K shares and exchanged 159839 shares on hands in the recent trading session. The stock has a market capitalization of $121365.79M and its stock price is currently at 0.35% from 52 week high and stock price seen at 61.21% when looking at 52 week low price. According to data provided by FINVIZ, the current analyst consensus rating supposed at 1.2 on company shares (1.0 Strong Buy, 2.0 Buy, 3.0 Hold, 4.0 Sell, 5.0 Moderate Buy) and a Simple Moving Average calculated as an average of the last N-periods. This is highly popular among traders, mostly because of its simplicity. Volatility remained at 1,30% over last week and shows 1.06% volatility in last month. Return on Assets (ROA) shows that the company is profitable as compared to its total assets which is 3.00%.",Joe Killer,0.843851924,FALSE,TRUE,Neutral,0.4375,Objective,0.6225027
https://www.benzinga.com/pressreleases/23/07/n33188926/sony-launches-the-sony-creators-conference,b0bd3c09e7094ec5bcf2d4cad6b4e3ab,benzinga.com,http://benzinga.com/next-assets/images/schema-image-default.png,us,11-07-2023,11-07-2023,60.776886,Sony Launches the Sony Creators Conference,"Introducing Sony's technology conference for the creative community to showcase Sony's commitment to empowering creators to pioneer the future of creation TOKYO, July 11, 2023 /PRNewswire/ -- Sony Group","Introducing Sony's technology conference for the creative community to showcase Sony's commitment to empowering creators to pioneer the future of creation

TOKYO, July 11, 2023 /PRNewswire/ -- Sony Gr... [4650 symbols]",Article,"https://c212.net/c/link/?t=0&l=en&o=3916378-1&h=2345564401&u=https%3A%2F%2Fs2023.siggraph.org%2Fregister%2F&a=https%3A%2F%2Fs2023.siggraph.org%2Fregister%2F, https://c212.net/c/link/?t=0&l=en&o=3916378-1&h=1965217908&u=https%3A%2F%2Fs2023.siggraph.org%2Fpresentation%2F%3Fid%3Dfeatsp_105%26sess%3Dsess434&a=SIGGRAPH+registration+required+, https://c212.net/c/link/?t=0&l=en&o=3916378-1&h=143528172&u=https%3A%2F%2Fs2023.siggraph.org%2F&a=SIGGRAPH+2023, https://c212.net/c/link/?t=0&l=en&o=3916378-1&h=1267340123&u=https%3A%2F%2Fs2023.siggraph.org%2Fsession%2F%3Fsess%3Dsess437&a=https%3A%2F%2Fs2023.siggraph.org%2Fsession%2F%3Fsess%3Dsess437, https://mma.prnewswire.com/media/2151605/Sony_Creators__Conference.html, https://c212.net/c/link/?t=0&l=en&o=3916378-1&h=642822930&u=https%3A%2F%2Fai.sony%2Farticles%2Fsonyai018%2F&a=AI+Breakthrough, https://www.prnewswire.com/news-releases/sony-launches-the-sony-creators-conference-301874433.html, https://c212.net/c/link/?t=0&l=en&o=3916378-1&h=3103735215&u=https%3A%2F%2Fs2023.siggraph.org%2Fsession%2F%3Fsess%3Dsess436&a=https%3A%2F%2Fs2023.siggraph.org%2Fsession%2F%3Fsess%3Dsess436, https://c212.net/c/link/?t=0&l=en&o=3916378-1&h=2386040954&u=https%3A%2F%2Fsquare.sony.com%2Fscc2023%2F&a=Sony+Creators+Conference, https://c212.net/c/link/?t=0&l=en&o=3916378-1&h=3077945702&u=https%3A%2F%2Fresearch.sony%2F&a=https%3A%2F%2Fresearch.sony, https://c212.net/c/link/?t=0&l=en&o=3916378-1&h=3418284956&u=https%3A%2F%2Fsquare.sony.com%2Fscc2023%2F&a=https%3A%2F%2Fsquare.sony.com%2Fscc2023%2F","Sony Group Corporation : 0.082581185, groundbreaking technology : 0.08137514, Sony Research : 0.07997313, Sony AI : 0.0776631, Sony : 0.07684026, Technology : 0.07593775, technologies : 0.07593775, technology : 0.07593775, Sony Research Inc. : 0.07553862, Sony Pictures Imageworks : 0.075535074",Sony,Tech,"Sony : 20, SPA : 2, Imageworks : 1, Hawk-Eye : 1, Beyond Sports : 1, PlayStation : 2, the Sony Creators Conference : 2, SIGGRAPH 2023 : 3, TOKYO : 1, California : 1, US : 1, the Los Angeles Convention Center : 2, Hiroaki Kitano : 3, Yiotis Katsambas : 1, Spider-Man: Across the Spider-Verse : 3, Pioneering the Future of Creation : 1, Engineering for Creativity at : 1, 9:30 a.m. Pacific Time : 1, 2:00 - 2:45 p.m. PDT : 1, Gran Turismo Sophy : 3","Sony Group Corporation, Sony Pictures Imageworks, Sony Interactive Entertainment, SIE Worldwide Studios, Sony Centre","{'positive': 0.08324645, 'negative': 0.011551667, 'neutral': 0.90520185}","Sony Group Corporation (Sony) has launched the Sony Creators Conference, a two-day technology conference for the creative community. The conference will showcase Sony's commitment to empowering creators to pioneer the future of creation through the use of groundbreaking technology. Dr. Hiroaki Kitano, Senior Executive Vice President and Chief Technology Officer of Sony Group Corporation, will keynote speakers from the gaming, technology and film industries and many more. Sessions will be held at the Los Angeles Convention Center and online concurrent with the event. More information on the conference and livestream will be made available in the coming weeks.",PRNewswire,0.840937793,TRUE,TRUE,Neutral,0.5625,Subjective,0.64089096
https://finance.yahoo.com/news/sony-launches-sony-creators-conference-170000620.html,ae4d6536ada8425f87176b1599bdb355,finance.yahoo.com,https://media.zenfs.com/en/prnewswire.com/8f9965b4c238bf5d7154978a877259a4,us,11-07-2023,11-07-2023,60.776886,Sony Launches the Sony Creators Conference,"Sony Group Corporation (""Sony"") today announced the first-ever Sony Creators Conference, introducing a full slate of technical talks and panel discussion sessions that spotlight Sony as a brand at the intersection of technology and creativity. The two-day event will showcase the works of creators across Sony who are pursuing their creative vision through the use of groundbreaking technology. In this first year, the Sony Creators Conference will be co-located within SIGGRAPH 2023, August 8-9, at","Introducing Sony's technology conference for the creative community to showcase Sony's commitment to empowering creators to pioneer the future of creation

TOKYO, July 11, 2023 /PRNewswire/ -- Sony Gr... [4862 symbols]",Article,"https://c212.net/c/link/?t=0&l=en&o=3916378-1&h=1965217908&u=https%3A%2F%2Fs2023.siggraph.org%2Fpresentation%2F%3Fid%3Dfeatsp_105%26sess%3Dsess434&a=SIGGRAPH+registration+required+, https://c212.net/c/link/?t=0&l=en&o=3916378-1&h=642822930&u=https%3A%2F%2Fai.sony%2Farticles%2Fsonyai018%2F&a=AI+Breakthrough, https://c212.net/c/link/?t=0&l=en&o=3916378-1&h=143528172&u=https%3A%2F%2Fs2023.siggraph.org%2F&a=SIGGRAPH+2023, https://c212.net/c/link/?t=0&l=en&o=3916378-1&h=3077945702&u=https%3A%2F%2Fresearch.sony%2F&a=https%3A%2F%2Fresearch.sony, https://c212.net/c/link/?t=0&l=en&o=3916378-1&h=3103735215&u=https%3A%2F%2Fs2023.siggraph.org%2Fsession%2F%3Fsess%3Dsess436&a=https%3A%2F%2Fs2023.siggraph.org%2Fsession%2F%3Fsess%3Dsess436, https://mma.prnewswire.com/media/2151605/Sony_Creators__Conference.html, https://www.prnewswire.com/news-releases/sony-launches-the-sony-creators-conference-301874433.html, https://c212.net/c/link/?t=0&l=en&o=3916378-1&h=3418284956&u=https%3A%2F%2Fsquare.sony.com%2Fscc2023%2F&a=https%3A%2F%2Fsquare.sony.com%2Fscc2023%2F, https://c212.net/c/link/?t=0&l=en&o=3916378-1&h=2345564401&u=https%3A%2F%2Fs2023.siggraph.org%2Fregister%2F&a=https%3A%2F%2Fs2023.siggraph.org%2Fregister%2F, https://c212.net/c/link/?t=0&l=en&o=3916378-1&h=1267340123&u=https%3A%2F%2Fs2023.siggraph.org%2Fsession%2F%3Fsess%3Dsess437&a=https%3A%2F%2Fs2023.siggraph.org%2Fsession%2F%3Fsess%3Dsess437, https://c212.net/c/link/?t=0&l=en&o=3916378-1&h=2386040954&u=https%3A%2F%2Fsquare.sony.com%2Fscc2023%2F&a=Sony+Creators+Conference","groundbreaking technology : 0.078618765, Sony Group Corporation : 0.07780813, Technology : 0.074761964, technologies : 0.074761964, technology : 0.074761964, Sony AI : 0.07271378, Sony Research : 0.07249971, unprecedented disruptive technologies : 0.071962304, Sony : 0.07146177, Sony Pictures Animation : 0.068678185",Sony,Tech,"Sony : 20, SPA : 2, Imageworks : 1, Hawk-Eye : 1, Beyond Sports : 1, PlayStation : 2, the Sony Creators Conference : 2, SIGGRAPH 2023 : 3, TOKYO : 1, California : 1, US : 1, the Los Angeles Convention Center : 2, Hiroaki Kitano : 3, Yiotis Katsambas : 1, Spider-Man: Across the Spider-Verse : 2, Pioneering the Future of Creation : 1, Guardians of the Galaxy Vol : 1, 9:30 a.m. Pacific Time : 3, 9:30 - 10:15 a.m. PDT : 3, 2:00 - 2:45 p.m. PDT : 1, 3:30 - 5:00 p.m. PDT : 1, Gran Turismo Sophy : 3","Sony Centre, SIE Worldwide Studios, Sony Pictures Imageworks, Sony Group Corporation, Sony Interactive Entertainment","{'positive': 0.08930082, 'negative': 0.011321493, 'neutral': 0.8993777}","Sony Group Corporation (Sony) has launched the Sony Creators Conference, a two-day technology conference for the creative community. The conference will showcase Sony's commitment to empowering creators to pioneer the future of creation through the use of groundbreaking technology. Dr. Hiroaki Kitano, Senior Executive Vice President and Chief Technology Officer of Sony Group Corporation, will keynote speakers from the gaming, technology and film industries and many more. Sessions will be held at the Los Angeles Convention Center, with more information available in the coming weeks.",PR Newswire,0.844241917,TRUE,TRUE,Neutral,0.5625,Subjective,0.6507586
https://www.prnewswire.com/news-releases/sony-launches-the-sony-creators-conference-301874433.html,66b2a75f15fa4464a5d7712a14587136,prnewswire.com,https://mma.prnewswire.com/media/2151605/Sony_Creators__Conference.jpg?p=facebook,us,11-07-2023,11-07-2023,60.776886,Sony Launches the Sony Creators Conference,"/PRNewswire/ -- Sony Group Corporation (""Sony"") today announced the first-ever Sony Creators Conference, introducing a full slate of technical talks and panel...","Introducing Sony's technology conference for the creative community to showcase Sony's commitment to empowering creators to pioneer the future of creation

TOKYO, July 11, 2023 /PRNewswire/ -- Sony Gr... [4650 symbols]",Article,"https://c212.net/c/link/?t=0&l=en&o=3916378-1&h=1965217908&u=https%3A%2F%2Fs2023.siggraph.org%2Fpresentation%2F%3Fid%3Dfeatsp_105%26sess%3Dsess434&a=SIGGRAPH+registration+required+, https://c212.net/c/link/?t=0&l=en&o=3916378-1&h=642822930&u=https%3A%2F%2Fai.sony%2Farticles%2Fsonyai018%2F&a=AI+Breakthrough, https://c212.net/c/link/?t=0&l=en&o=3916378-1&h=143528172&u=https%3A%2F%2Fs2023.siggraph.org%2F&a=SIGGRAPH+2023, https://c212.net/c/link/?t=0&l=en&o=3916378-1&h=3077945702&u=https%3A%2F%2Fresearch.sony%2F&a=https%3A%2F%2Fresearch.sony, https://c212.net/c/link/?t=0&l=en&o=3916378-1&h=3103735215&u=https%3A%2F%2Fs2023.siggraph.org%2Fsession%2F%3Fsess%3Dsess436&a=https%3A%2F%2Fs2023.siggraph.org%2Fsession%2F%3Fsess%3Dsess436, https://c212.net/c/link/?t=0&l=en&o=3916378-1&h=3418284956&u=https%3A%2F%2Fsquare.sony.com%2Fscc2023%2F&a=https%3A%2F%2Fsquare.sony.com%2Fscc2023%2F, https://c212.net/c/link/?t=0&l=en&o=3916378-1&h=2345564401&u=https%3A%2F%2Fs2023.siggraph.org%2Fregister%2F&a=https%3A%2F%2Fs2023.siggraph.org%2Fregister%2F, https://c212.net/c/link/?t=0&l=en&o=3916378-1&h=1267340123&u=https%3A%2F%2Fs2023.siggraph.org%2Fsession%2F%3Fsess%3Dsess437&a=https%3A%2F%2Fs2023.siggraph.org%2Fsession%2F%3Fsess%3Dsess437, https://c212.net/c/link/?t=0&l=en&o=3916378-1&h=2386040954&u=https%3A%2F%2Fsquare.sony.com%2Fscc2023%2F&a=Sony+Creators+Conference","Sony Group Corporation : 0.082581185, groundbreaking technology : 0.08137514, Sony Research : 0.07997313, Sony AI : 0.0776631, Sony : 0.07684026, Technology : 0.07593775, technologies : 0.07593775, technology : 0.07593775, Sony Research Inc. : 0.07553862, Sony Pictures Imageworks : 0.075535074",Sony,-,"Sony : 20, SPA : 2, Imageworks : 1, Hawk-Eye : 1, Beyond Sports : 1, PlayStation : 2, the Sony Creators Conference : 2, SIGGRAPH 2023 : 3, TOKYO : 1, California : 1, US : 1, the Los Angeles Convention Center : 2, Hiroaki Kitano : 3, Yiotis Katsambas : 1, Spider-Man: Across the Spider-Verse : 3, Pioneering the Future of Creation : 1, Engineering for Creativity at : 1, 9:30 a.m. Pacific Time : 1, 2:00 - 2:45 p.m. PDT : 1, Gran Turismo Sophy : 3","Sony Centre, SIE Worldwide Studios, Sony Pictures Imageworks, Sony Group Corporation, Sony Interactive Entertainment","{'positive': 0.08324645, 'negative': 0.011551667, 'neutral': 0.90520185}","Sony Group Corporation (Sony) has launched the Sony Creators Conference, a two-day technology conference for the creative community. The conference will showcase Sony's commitment to empowering creators to pioneer the future of creation through the use of groundbreaking technology. Dr. Hiroaki Kitano, Senior Executive Vice President and Chief Technology Officer of Sony Group Corporation, will keynote speakers from the gaming, technology and film industries and many more. Sessions will be held at the Los Angeles Convention Center and online concurrent with the event. More information on the conference and livestream will be made available in the coming weeks.",Sony Group Corporation,0.843168378,TRUE,TRUE,Neutral,0.5625,Subjective,0.6524729
